    CHROM,POS,REF,ALT,DP,AD,QUAL,FILTER
NC_000913.3,46300,T,C,1,0,1,3.22451,.
NC_000913.3,55226,G,T,1,0,1,6.51248,.
NC_000913.3,95765,T,A,2,1,1,7.14452,.
NC_000913.3,321577,T,C,2,1,1,7.14452,.
NC_000913.3,346641,A,T,1,0,1,8.99921,.
NC_000913.3,351021,T,G,1,0,1,8.13869,.
NC_000913.3,378700,A,C,3,0,3,53.4146,.
NC_000913.3,511938,T,G,1,0,1,3.22451,.
NC_000913.3,578571,C,T,9,3,5,48.5796,.
NC_000913.3,578574,A,C,9,3,5,59.6578,.
NC_000913.3,578605,T,G,9,3,5,44.6031,.
NC_000913.3,578729,A,G,15,4,8,15.6365,.
NC_000913.3,579004,C,T,10,3,7,49.6434,.
NC_000913.3,579134,T,C,10,4,6,14.614,.
NC_000913.3,579146,A,G,10,4,6,31.5575,.
NC_000913.3,580020,G,A,12,4,6,83.7187,.
NC_000913.3,580115,C,T,8,2,5,63.7704,.
NC_000913.3,580119,A,G,7,2,4,63.7571,.
NC_000913.3,580120,C,T,7,2,4,57.7098,.
NC_000913.3,580302,C,T,4,1,3,13.9126,.
NC_000913.3,581042,T,G,7,1,5,70.9572,.
NC_000913.3,581056,A,G,7,1,5,65.9434,.
NC_000913.3,581073,G,A,7,1,6,80.0312,.
NC_000913.3,581118,T,C,8,1,7,111.105,.
NC_000913.3,581127,G,A,8,1,7,106.07,.
NC_000913.3,581133,A,G,8,1,7,108.075,.
NC_000913.3,581185,C,T,7,1,6,119.178,.
NC_000913.3,581227,A,C,7,2,5,70.9726,.
NC_000913.3,635155,T,G,1,0,1,8.99921,.
NC_000913.3,667149,A,T,1,0,1,8.99921,.
NC_000913.3,696470,C,T,9,0,9,180.416,.
NC_000913.3,724064,T,A,1,0,1,5.75677,.
NC_000913.3,902649,G,T,2,0,1,30.4183,.
NC_000913.3,903248,G,T,3,0,3,60.4147,.
NC_000913.3,911745,T,G,1,0,1,5.75677,.
NC_000913.3,919717,C,A,1,0,1,4.38466,.
NC_000913.3,920113,T,A,1,0,1,8.13869,.
NC_000913.3,961662,T,C,1,0,1,8.99921,.
NC_000913.3,1054956,T,G,2,1,1,4.89682,.
NC_000913.3,1070268,G,A,1,0,1,8.99921,.
NC_000913.3,1083137,C,T,1,0,1,8.13869,.
NC_000913.3,1101543,T,A,5,0,4,101.415,.
NC_000913.3,1169836,A,G,1,0,1,8.13869,.
NC_000913.3,1175815,T,C,2,1,1,7.14452,.
NC_000913.3,1189980,A,G,5,0,5,122.415,.
NC_000913.3,1191462,G,A,1,0,1,8.99921,.
NC_000913.3,1202309,C,A,1,0,1,3.22451,.
NC_000913.3,1202348,C,G,1,0,1,3.22451,.
NC_000913.3,1269620,A,C,3,1,1,6.35238,.
NC_000913.3,1299464,T,G,2,0,2,39.4149,.
NC_000913.3,1301992,A,T,2,0,2,46.4146,.
NC_000913.3,1301999,G,A,2,0,2,45.4146,.
NC_000913.3,1302190,A,G,4,0,3,92.4151,.
NC_000913.3,1305442,T,G,3,0,3,54.4146,.
NC_000913.3,1306736,T,G,2,0,2,36.4154,.
NC_000913.3,1318715,T,A,1,0,1,5.75677,.
NC_000913.3,1337394,A,G,5,0,5,100.415,.
NC_000913.3,1358859,T,C,3,0,2,39.4187,.
NC_000913.3,1429897,T,A,7,3,3,13.6312,.
NC_000913.3,1429914,G,A,7,3,3,4.3477,.
NC_000913.3,1429917,A,G,6,2,3,32.6183,.
NC_000913.3,1429927,G,T,5,2,3,19.6402,.
NC_000913.3,1429930,T,C,5,2,3,8.20938,.
NC_000913.3,1431874,G,A,8,3,4,7.42964,.
NC_000913.3,1431880,C,T,8,3,4,5.13109,.
NC_000913.3,1431884,A,C,8,2,4,7.44806,.
NC_000913.3,1431886,C,T,8,3,4,5.13109,.
NC_000913.3,1459480,T,C,1,0,1,4.38466,.
NC_000913.3,1484813,T,C,1,0,1,8.99921,.
NC_000913.3,1551186,A,T,1,0,1,3.22451,.
NC_000913.3,1643679,A,T,3,0,3,65.4148,.
NC_000913.3,1650515,C,T,1,0,1,4.38466,.
NC_000913.3,1652331,T,C,3,0,2,61.4147,.
NC_000913.3,1668017,T,C,2,1,1,5.60148,.
NC_000913.3,1690156,C,A,7,1,6,119.096,.
NC_000913.3,1693734,T,G,1,0,1,4.38466,.
NC_000913.3,1741200,C,A,1,0,1,8.13869,.
NC_000913.3,1799812,G,A,1,0,1,7.30814,.
NC_000913.3,1805847,C,T,2,0,1,30.4183,.
NC_000913.3,1830925,T,A,1,0,1,8.99921,.
NC_000913.3,1885129,C,A,1,0,1,8.99921,.
NC_000913.3,1894839,T,C,2,0,2,31.4175,.
NC_000913.3,2003266,T,A,3,1,2,10.9999,.
NC_000913.3,2003346,G,T,3,0,3,76.4149,.
NC_000913.3,2040433,C,A,4,0,4,107.415,.
NC_000913.3,2060539,G,T,2,0,2,3.22451,.
NC_000913.3,2060971,A,G,1,0,1,8.99921,.
NC_000913.3,2139984,C,A,1,0,1,8.13869,.
NC_000913.3,2173360,ACCCC,ACC,7,0,7,184.416,.
NC_000913.3,2201069,A,C,3,0,2,6.51248,.
NC_000913.3,2210942,T,G,3,0,3,65.4148,.
NC_000913.3,2293551,T,G,3,1,2,4.73076,.
NC_000913.3,2597487,A,T,1,0,1,7.30814,.
NC_000913.3,2607486,C,T,1,0,1,3.7766,.
NC_000913.3,2665747,C,T,6,0,6,141.416,.
NC_000913.3,2691379,A,G,2,0,1,21.4455,.
NC_000913.3,2711098,A,G,1,0,1,8.99921,.
NC_000913.3,2725818,A,G,11,0,7,223.417,.
NC_000913.3,2749048,C,T,2,0,1,3.78225,.
NC_000913.3,2768847,C,T,35,5,30,79.0926,.
NC_000913.3,2769114,T,A,39,7,32,52.0837,.
NC_000913.3,2769120,G,C,39,7,32,42.0428,.
NC_000913.3,2849613,T,C,2,1,1,5.60148,.
NC_000913.3,2867455,G,A,5,0,5,130.416,.
NC_000913.3,3035546,T,C,1,0,1,8.13869,.
NC_000913.3,3080096,T,C,3,1,1,13.0954,.
NC_000913.3,3214757,T,C,4,0,4,61.4147,.
NC_000913.3,3381326,A,T,1,0,1,8.99921,.
NC_000913.3,3388041,T,G,10,0,9,221.417,.
NC_000913.3,3430857,A,G,1,0,1,8.99921,.
NC_000913.3,3431053,A,C,1,0,1,3.7766,.
NC_000913.3,3445130,T,A,1,0,1,5.75677,.
NC_000913.3,3473612,A,T,9,0,9,174.416,.
NC_000913.3,3490380,T,G,2,0,2,22.4391,.
NC_000913.3,3554135,T,A,4,0,4,78.4149,.
NC_000913.3,3560455,C,CG,3,0,3,42.4147,.
NC_000913.3,3564719,C,A,1,0,1,8.99921,.
NC_000913.3,3575439,G,A,1,0,1,6.51248,.
NC_000913.3,3689529,T,C,1,0,1,8.99921,.
NC_000913.3,3707947,C,A,4,0,4,102.415,.
NC_000913.3,3710471,C,A,1,0,1,8.99921,.
NC_000913.3,3725176,T,G,4,0,4,94.4151,.
NC_000913.3,3799552,A,T,1,0,1,8.99921,.
NC_000913.3,3815879,TCCCC,TCCCCC,5,0,4,60.4147,.
NC_000913.3,3838258,C,T,1,0,1,8.13869,.
NC_000913.3,3875611,T,C,2,0,1,20.4535,.
NC_000913.3,3915148,C,A,2,0,1,30.4183,.
NC_000913.3,3951535,AAT,AATAT,5,0,5,200.416,.
NC_000913.3,3957356,T,A,3,1,1,4.89682,.
NC_000913.3,3994573,A,G,1,0,1,8.99921,.
NC_000913.3,4008192,A,T,2,1,1,7.14452,.
NC_000913.3,4013117,C,T,6,1,5,99.0459,.
NC_000913.3,4034115,A,T,1,0,1,8.99921,.
NC_000913.3,4034370,T,C,1,0,1,8.99921,.
NC_000913.3,4157264,C,A,2,1,1,7.14452,.
NC_000913.3,4166470,C,T,10,2,6,123.15,.
NC_000913.3,4178791,C,A,4,2,1,7.53516,.
NC_000913.3,4219161,T,C,4,1,2,14.1506,.
NC_000913.3,4223638,T,C,6,0,4,123.415,.
NC_000913.3,4226578,C,A,1,0,1,5.75677,.
NC_000913.3,4248820,T,A,7,0,6,158.416,.
NC_000913.3,4269431,G,A,2,1,1,7.14452,.
NC_000913.3,4274283,T,A,14,3,11,66.9503,.
NC_000913.3,4274292,C,T,14,3,11,54.8835,.
NC_000913.3,4274298,T,G,14,3,11,49.8808,.
NC_000913.3,4296380,AC,ACGC,4,0,3,97.4152,.
NC_000913.3,4301264,T,C,3,1,1,13.4446,.
NC_000913.3,4310353,G,C,1,0,1,8.99921,.
NC_000913.3,4331048,G,A,2,0,1,30.4183,.
NC_000913.3,4342047,T,A,3,0,3,47.4146,.
NC_000913.3,4365092,G,C,1,0,1,6.51248,.
NC_000913.3,4402088,A,G,1,0,1,8.99921,.
NC_000913.3,4417502,T,A,1,0,1,8.13869,.
NC_000913.3,4450462,T,C,1,0,1,8.99921,.
NC_000913.3,4507424,G,C,6,0,6,136.416,.
NC_000913.3,4510238,T,G,4,0,4,98.4152,.
NC_000913.3,4542681,ATT,AT,8,1,7,142.343,.
NC_000913.3,4550381,T,A,1,0,1,6.51248,.
NC_000913.3,4566738,G,T,1,0,1,8.13869,.
